pm10	no2	so2	soot
98.67 14.1	44.38	34.81
52.33 14.1	29.75	33.06
74.67	20.5	36.25	39.25
72	17.3	46.44	34.38
81	25.64	56.56	45.59
147	25.2	42.38	69.33
185	21.91	71.69	84.06
148.67	25.09	51.75	74.41
216	37.27	63.47	64.06
135.67	23.18	63.13	58.94
138.67	21.64	67.56	49.65
96.67	21	84.24	49.83
101	22.64	83.06	46.44
129.33	25.42	78.11	55.53
101	21.42	52.44	42.42
83.67	47.08	44.94	39.84
88.67	24.75	41.67	47.79
149.33	34.75	87.22	83.79
41	32.08	52.89	46.42
46.33	26.5	36.5	27.76
26.67	19.67	28.59	16.28
28.33	23.42	19.82	18.17
40.67	25.58	17.94	28.56
38	30.33	19.88	27.39
25	25.33	16.88	16.17
48.67	32.5	20.35	29.11
35.67	27.42	25.47	22.28
21.33	18.83	15.83	19.88
16.67	17.5	14.44	23.71
29.33	15.42	15.28	27.61
31.33	17	17.39	24.33
25.67	14.58	20.39	23
21.33	14.92	25.11	19.78
19.67	10.42	20.88	19.79
49.67	14.58	19.22	29.84
62	30.08	27.06	48
30.67	27.67	21.61	35.68
29.33	19.58	16.39	23.11
27	16.17	15.11	23.79
12.67	14.5	11.5	15.94
30.33	25	17.67	30.05
22	21	15.56	24.05
18.33	17.82	14.33	17.21
21.33	17.55	17.35	17.83
24	15.91	13.76	16.94
18.67	12.91	13.35	14.89
35.33	23.18	16.35	22.06
37	32.27	21.65	33.83
33.33	19.33	16.28	25.68
20	13.67	18.56	19.53
34.33	19.92	15.33	21.89
52.67	23	17.33	29.32
75.33	23.17	13.78	35.26
114.33	39.58	31.72	53.37
123	39.08	35.06	52.26
89	29.92	23.06	39.63
72.33	31	23.72	37.89
44.33	29.58	23.94	35.47
36.67	31.5	20.72	35.47
75.5	35.13	28.65	48.47
56.75	30.25	26.5	41.53
56.5	27.94	27.9	43.32
38.5	16.75	19	26.11
22.75	10.56	15.75	21.11
33	17.81	15.8	23.79
29.83	15.81	11.35	18.21
31.17	17.44	11.9	22.32
33.17	22.81	17.1	26.16
42	20.75	14.5	25.11
32.67	22.13	17.85	24.83
25.2	17.44	14.25	22
25.67	18.13	16.2	20.22
42	18.06	14	21.83
72	25.44	25.25	35.72
38.83	18.69	16.55	20.33
41.33	17.19	13.65	18.78
23.17	12.38	11.7	16.06
27	16.63	12.3	18.28
38.33	18.75	15	19.05
26.6	15.75	13.55	15.74
31	14.94	12.4	16.42
28	20	14.15	17.79
21.83	21.27	13.5	14.59
28.83	18.57	12.6	17
34.67	26.33	17.4	21.24
34.17	28	17.95	20.88
27.33	22.6	14.85	16.71
47.83	13.29	10.95	15.88
29.83	19.57	12.05	16.82
34.2	19.21	9.9	19.44
60.83	19.47	12.55	24.65
39.17	17.46	10.95	20.5
27.5	16.07	10.3	16.27
35.33	20.93	11.7	21.27
51.83	31.07	12.45	29.2
53.6	29	14.1	27.6
48	30.36	12.9	27.63
39	30.8	11.25	32.88
65.8	34.33	14.15	42.71
61.4	38.6	19.2	42.67
39.17	18	10.3	18.61
35.33	15.27	9.8	12.89
44	15.36	8.8	13.94
32.83	22.57	11.6	24.76
40.83	25.5	12.3	29.24
45.67	39.69	14.7	42.74
27.67	24.13	10.5	17.84
24.67	22.94	9.45	17.11
34	23.31	9.55	23.05
28.17	23.75	9.2	19.68
34.33	22.94	9.1	19.05
29.67	20.5	8.75	18.89
19.75	20.5	8.45	17.05
28.83	28.81	9.5	28.32
39	28.13	11.3	27.16
24.5	18.38	8.85	13.47
23.33	17.75	7.55	14.42
24.2	19.38	9.55	16.95
24.2	23.93	9.05	22.95
17.6	21.2	8.85	19.26
28	15.5	7.9	18.63
25.67	11.69	7.85	16.68
37	19.94	9.3	21.74
33.67	22.75	10.1	24.89
25.17	18.44	8.6	20.05
22	21	8.8	21.05
23	21.75	8.5	21.74
26.67	29.63	10.85	30.63
35.75	33.25	13.4	37
31	30.13	11.55	30.42
36.5	30.31	17.4	27.63
31.5	26.13	10.65	22.37
20.17	17.25	9.1	18.21
32.5	22.44	9.35	22.95
47.67	29.81	12.95	28.84
40.17	28.81	13.3	25.42
44.17	27.06	11.9	25.37
38.17	25.19	11.8	23.32
34.17	19.07	10.25	21.11
31.17	16.4	9.45	16.94
35.67	25.67	10	20.78
43.17	34.6	13.5	27.78
23.67	23.27	9.75	16.89
29.5	25	10.45	23.72
39.17	30.6	10.4	25.89
35	29.07	11.55	22.16
28	20.33	9.55	17.42
20.5	18	8.9	16.33
21.17	19.47	9.45	17.11
23.33	17.67	9.7	17.61
28.33	19.73	10.5	17.67
28.5	22.33	9.1	16.42
21.67	23.25	9.15	15.79
26.17	23.87	9.7	17.21
25.67	24.56	10	20.21
23.67	26.5	9.35	17.26
24.17	25	9.3	20.42
27.5	24.5	9.75	14.89
25.83	25.27	9.85	23.95
38.5	29.94	11.9	25.16
31.83	26.38	10.85	20.79
30.8	20.69	9.6	16.11
18.5	21.69	9.95	17.79
24.5	24.75	10.45	20.32
23.67	27.88	11.75	22.53
25.67	29	12.4	20.89
25.5	26.94	12.65	21.11
16.67	23.5	10.75	19.11
31.5	28.31	12.7	19.44
31.67	25.73	10.85	19.65
26.67	20.07	9.2	18
10	19.87	9.65	16.41
11.83	20.73	9.8	18.56
23.67	25	11.9	17.67
20.33	24.33	10.85	16.72
18.67	21.73	11	13.61
20.33	22.87	11.5	18.78
32.5	22	10.45	20
33.25	24.93	10.8	22.56
26.5	22.6	10.5	19.11
29.25	26.6	10.3	23.28
33.9	25.69	10.28	26.33
40.03	28.76	10.28	29.17
38.77	28.01	10.72	23.17
33.68	21.45	9.28	19.89
26.18	18.79	9.35	16.83
31.15	28.15	9.67	25.11
32.42	26.43	11.57	23.28
24.1	23.91	9.83	17.06
21.87	24.86	9.44	25.06
25.8	24.5	10.49	19.95
15.02	18.2	9.03	13.16
16.43	17.79	9.07	16.21
23.88	25.64	10.05	21.84
32.32	28.14	10.79	23.05
43.03	27.55	12.89	28.28
45.87	31.64	12.04	23.56
40.35	27.91	11.48	19.67
43.2	21.54	10.99	12.17
30.17	19.47	9.78	12.44
24	24.83	10.55	22.67
28.35	27.93	8.18	22.72
25.25	29.63	7.72	22.33
33.55	36.37	8.21	29.5
33.93	30.72	6.63	24.5
23.38	25.5	7.87	18.72
15.58	18.33	7.1	16.28
27.6	28.78	7.62	20.94
32.57	31.81	7.66	25.11
29.1	32.51	8.18	26.72
31.2	39.67	7.92	28.94
29.78	41.39	9.16	27.59
36.02	33.29	6.11	27.28
40.15	24.14	6.5	19.61
33.95	32.85	7.11	23.53
33.63	35.14	6.49	26.44
18.25	29.13	5.71	21
20.12	26.85	5.39	19.32
22.6	27.75	5.95	16.84
43.65	28.93	6.85	20.84
37.55	29.46	5.92	23.74
32.33	25.63	7.3	21.05
30.88	26.13	7.29	20.89
29.8	28.1	5.51	21.11
24.65	32.67	7.27	26.33
29.55	29.96	7.25	30.67
29.72	26.69	5.99	24.72
30.88	31.33	6.13	27.72
39.03	38.27	6.83	39.94
39.1	34.01	6.35	30.44
35.33	28.55	5.99	19.72
30.78	36.65	6.29	27.44
43.18	38.34	8.73	32.05
49.65	38.41	7.46	31.63
29.47	23.64	5.69	20.58
29.02	23.46	6.37	15.63
32.68	28.01	7.14	20.28
29.15	27.35	6.55	16.61
44.52	41.29	9.12	33.78
41.08	37.14	8.82	26.28
34.68	33.48	7.44	18.61
23.5	27.46	5.82	13.56
16.6	34.98	6.45	18.44
37.23	26.58	9.04	22.71
35.1	32.8	10.45	27.29
45.34	35.99	10.46	36.89
38.91	31.69	8.58	31.79
31.07	23.5	9.45	16.05
21.63	23.52	9.79	16.26
25.56	24.69	9.5	15.79
26.8	28.13	9.64	17.79
36.16	35.44	10.63	22.11
44.6	38.62	10.66	28.11
41.44	39.32	12.22	21
36.16	33.64	9.88	16.74
35.67	35.21	10.07	16.95
33.06	31.85	8.76	15.47
27.33	32.64	8.38	15.53
27.23	29.51	8.26	13.95
27.59	23.78	10.87	12.95
35.89	26.81	8.38	16.56
44.86	25.72	8.4	15.44
29.77	21.58	8.75	13.28
30.96	28.73	15.06	17.83
57.3	36.37	12.94	44.11
58.61	40.18	13.67	46.53
72.41	41.48	16.95	49.74
56.54	31.14	11.12	27.68
46.89	30.41	11.38	23
51.53	27.79	7.96	22.84
45.69	28.56	8.81	26.05
65.01	32.13	12.03	29.58
67.43	33.04	12.4	22.16
62.53	32.34	13.1	25.41
46.23	29.15	8.77	18.01
41.7	26.28	8.47	15.48
47.73	31.35	8.11	19.16
55.2	31.54	11.81	32.88
58.04	35.99	13.56	46.51
59.5	37.69	14.54	45.46
58.47	39.41	13.25	35.6
68.49	36.33	12.65	38.73
67.77	27.29	10.57	24.49
51.94	20.87	7.33	16.07
24.83	23.61	7.41	17.44
43.67	20.29	6.35	15.37
35.4	19.31	8.12	17.98
45.07	21.77	11.14	22.47
40.04	24.65	10.74	20.88
59.6	23.75	14.85	23.85
30.63	20.7	7.92	15.94
34.59	22.57	8.2	19.57
56.49	27.55	16.01	22.97
62.83	35.17	16.8	38.48
33.43	25.69	11.46	17.85
33.87	22.43	9.38	19.12
37.84	19.87	9.04	18.92
39.01	22.68	8.4	20.68
47.46	22.98	9.35	20.2
53.29	18.48	8.85	20.99
40.2	18.45	10.05	20.79
46.99	20.68	9.38	19.44
42.69	20.21	7.47	19.79
34.79	20.26	7.42	22.27
84.77	25.26	17.41	22.72
46.31	22.39	12.91	15.59
37.93	21.1	9.2	16.06
42.17	21.92	12.92	15.44
37.96	22.86	14.88	17.44
36.4	25.35	12.02	14.65
42.59	26.24	11.51	24.18
43.39	25.06	10.21	19.94
35.03	27.33	12.52	27.35
29.26	20.64	10.11	15.13
22.59	19.9	9.03	15.76
46.01	25.07	12.18	32.82
80.77	33.71	21.26	67
103.1	36.28	22.09	78.69
41.54	29.37	15.23	31.12
83.74	35.91	20.84	77
75.59	34.85	17.12	51.31
91.5	41.48	18.14	65.31
93.13	39.99	17.11	54.94
125.61	47.05	19.54	70.6
119.37	46.87	20.23	54.67
78.31	35.85	14.13	23.2
100	37.37	19.76	36.07
127.2	40.72	24.14	69.87
103.84	40.82	23.23	54.27
110.46	43.69	23.03	64.33
101.63	39.73	26.96	63.82
51.34	38.4	17.15	26.35
42.81	41.32	15.24	19.82
43.37	38.79	15.24	15.5
19.93	18.78	9.43	12.69
25.21	19.95	8.72	15.38
42.41	17.94	10.58	18.13
51.86	19.47	14.17	17.32
38.05	16.15	9.63	16.53
49.78	19.94	10.11	18.74
80.49	19.3	19.37	26.25
76.74	18.19	15.01	23.02
25.86	19.35	16.13	21.69
52.83	23.99	12.51	20.69
49.26	29.99	14.75	20.39
31.85	22.5	11.06	15.66
35.2	24.68	13.2	15.84
39.49	23.11	18.13	18.21
40.13	19.04	30.23	14.72
48.73	21.21	15.82	17.43
69.81	22.2	18.49	17.42
68.06	23.01	20.7	20.97
95.86	23.85	27.15	26.63
84.06	23.04	30.33	26.71
101.3	49.31	45.36	34.99
41.07	20.94	27.26	14.82
45.66	22.73	22.21	26.53
38.16	19.65	18.32	15.34
32.07	21.68	17.37	23.27
20.03	19.2	13.43	16.27
18.18	18.27	11.78	12.76
52.72	29.58	18.31	38.75
92.82	31.19	30.75	45.49
53.03	29.45	20.16	28.25
24.4	30.23	17.57	24.09
25.58	12.92	8.34	12.57
19.15	9.85	5.42	11.57
12.03	9.74	5.45	12.71
29.55	19.75	13.62	16
20.48	13.84	8.56	12.5
24.37	16.22	10.59	13.64
46.03	15.21	12.46	15.57
41.95	14.43	12.11	14.71
22.78	14.17	8.04	13.29
26.2	19.12	9.22	16.86
34.28	19.01	16.18	20.64
72.13	31.76	24.77	45.86
77.28	26.22	20.75	32.93
59.6	22.27	21.37	21.93
68.18	20.12	22.31	27.14
54.45	17.44	17.86	19.64
35.18	15.29	15.72	16.07
44.7	17.79	18.55	22.79
53.18	18.12	16.82	20.29
49.53	21.94	18.65	22.33
46.48	20.3	19.23	21.08
51.43	22.23	28.28	24.15
82.13	24.66	25.54	27.54
94.2	23.12	30.35	26.08
75.83	23.76	27.86	20.31
66.7	25.58	22.16	20.29
64.8	25.73	40.54	16.64
104.36	27.14	33.75	21
145.38	35.88	45.38	38.07
35.8	19.22	21.59	11.21
41.1	25.21	19.55	11.71
34.74	24.08	17.03	14.38
80.1	29.56	25.06	24.13
59.43	29.66	21.41	23.75
95.14	32.62	24.84	32
71.44	20.11	20.6	13.06
30.49	14.81	10.68	11.94
39.1	15.91	10.88	12.27
62.86	17.11	14.64	15.27
88	24.94	22.66	19.33
45.14	16.19	23.31	14.5
47.76	18.93	16.2	16.67
67.07	19.48	16.73	20.27
44.79	13.89	13.71	14.93
117.22	25.3	20.26	30.93
101.53	22.93	16	31.87
172.83	38.92	34.18	46.06
64.1	21.01	18.73	19.27
105.23	32.41	21.06	60.63
30.54	21.82	15.13	16.88
36.29	19.94	8.67	14.19
31.57	17.99	9.28	13.69
36.94	18.82	11.34	15.75
21.3	16.32	10.01	18.56
33.65	22.18	14.45	23
33.63	19.81	12.94	28.47
29.8	20.98	12.34	27.18
13.6	20.31	7.59	21.12
27.28	19.27	9.12	17.71
62.9	25.16	16.53	32.27
45.36	18.36	10.81	12.31
151.27	18.13	10.83	13.5
40.91	16.56	11.48	12.27
30.5	15.68	10.35	12.67
39.24	15.82	14.69	13.81
61.67	19.76	19.93	22.63
42.47	15.87	22.86	16.69
23.36	11.82	10.83	13.56
28.87	10.89	9.84	13.41
42.08	16.31	16.74	23.94
58.3	20.05	16.07	26.25
49.87	18.53	13.45	26.75
38.3	18.76	11.49	21.38
26.89	16.44	10.96	19.19
30.56	16.06	11.86	18.56
42.81	17.51	14.18	24.33
74.89	30.92	22.55	37
82.29	37.81	29.43	44.86
51.54	32.02	20.19	29.43
52.06	24.14	12.77	25.86
38.07	20.37	8.05	15.36
34.6	14.78	8.71	13.07
43.27	20.02	23.85	15.64
42.71	18.69	12.45	15.2
32.49	13.49	7.93	11.2
22	14.57	7.89	10.07
14.4	15.22	5.84	11.07
21.23	19.22	12.42	16.33
23.1	21.51	9.84	15.4
21.83	19.39	9.54	12.69
26.98	20.82	8.01	13.81
23.8	15.54	9.48	15.44
23.1	15.62	8.2	13.81
25.17	15.69	8.57	16.13
14.15	14.82	6.63	13.63
12.2	15.75	5.94	12.2
31.18	18.19	7.86	14.88
48.78	24.32	12.16	22.94
55.87	28.58	12.44	26.35
34.8	20.21	9.26	17
23.52	16.91	7.96	13.12
16.6	18.73	8.07	14.94
22.12	16.37	8.53	12.81
16.82	17.65	8.36	14.56
30.07	21.95	8.71	16.5
44.97	24.81	10.62	20.69
38.68	24.52	10.09	17.94
27.5	17.77	7.63	13.5
26	20.13	7.75	15.94
31.73	21.16	8.23	17
40.96	26.96	9.33	23.94
27.58	21.82	8.27	17.88
28.74	18.28	8.93	17.94
33	19.11	9.21	19.12
36.78	19.53	9.34	17.88
24.98	13.12	6.99	14.12
22.26	12.85	6.93	13.24
23.05	22.1	9.19	16.18
35.45	24.65	7.41	21.59
42.88	33.76	13.69	24.65
45.22	32.97	9.09	30.18
34.8	24.96	7.88	23.32
44.07	22.03	7.81	25.53
35.73	16.83	7.69	21.74
29.15	18.86	5.4	19.68
21.12	16.42	7	16.76
17.62	18.41	6.85	18.63
18.53	16.58	5.26	21.54
20.45	20.99	7.51	20.04
32.54	24.46	8.22	25.07
30.16	22.8	6.64	28.47
24.58	21.79	5.84	21.2
21.56	22.78	8.91	23.8
20.73	22.31	5.73	26.14
12.32	15.82	7.96	21.82
7.1	10.19	7.66	10.55
10.62	13.22	5.36	12.37
16.18	15.18	5.64	13.26
19.2	18.5	5.96	17.64
16.5	15.39	5.85	17.79
22.63	16.57	5.12	16.04
18.17	15.54	5.89	14.13
21.23	18.04	5.99	15.27
31.15	22.55	9.9	16.74
27.9	24.05	9.5	17.54
28.37	27.23	8.41	19.62
23.52	26.43	8.35	17.95
17.2	23.54	6.61	14.72
30.65	21.14	6.37	18.61
12.13	20.12	5.83	14.88
7.13	21.14	5.89	16.88
10.36	14.02	6.79	13.13
8.86	17.14	6.86	13.5
17.82	22.4	7.32	14.88
12.5	17.43	7.09	12.41
15.56	16.48	5.54	14
26.22	22.38	5.91	15.71
29.82	23.71	6.27	12.27
41.6	30.59	7.2	16.07
35.4	30.69	7.18	16.79
40.12	22.67	5.94	18
32.94	22.69	5.14	18.38
48.4	24.46	5.81	20.69
48.13	20.94	5.61	16.62
47.75	23.59	5.67	16
26.04	18.48	4.74	13.6
35.76	21.98	5.21	18.33
22.45	21.83	4.01	12.87
26.43	17.86	4.09	13.06
18.43	20.13	5.33	14.31
19.55	19.97	5.04	12.25
17.68	18.68	4.99	13.06
8.22	15.27	5.02	12.88
15.54	18.46	4.98	12.24
16.78	20.03	5.42	14
17.72	21.73	5.19	16.71
13.26	15.79	4.79	13.88
15.02	15.18	4.76	13.5
17.12	16.98	4.98	14
21.6	19.69	5.36	14.44
21.6	21.65	5.06	15
23.22	22.99	5.48	11.76
30.82	28.47	5.23	12.88
27.72	22.21	5.76	12.18
15.54	21.22	5.74	10.59
19.14	28.79	5.68	12.71
23.57	22.73	5.37	11.13
17.5	18.73	5.28	12.24
18.64	20.68	5.89	12.53
23.2	22.46	6.75	15.53
25.48	19.61	6.4	13.82
25.78	19.58	6.04	13.88
27.98	21.84	6.11	14.94
33.4	22.88	5.95	13.87
35.3	25.78	5.49	11.2
42.55	26.35	5.67	12.06
47.03	27.84	6.28	14.24
35.38	22.33	5.98	9.47
23.54	16.43	5.78	9
18.32	15.13	6.36	9.71
29.86	17.68	5.63	13.41
51.34	24.19	6.13	20.36
54.06	24.22	6.67	22.21
72.98	30.59	12.81	25.33
30.52	16.33	7.41	11.6
7.06	11.91	5.84	9.87
11.92	13.96	6.09	10.79
14.34	15.33	6.43	10.64
19.3	16.68	6.99	10.81
19.24	19.49	8.99	11.19
16.74	17.74	6.69	11.69
20.6	14.35	6.22	9.88
17	14.18	6.98	8.31
31.16	19.23	6.73	8.94
38.32	21.79	6.79	13.94
12.68	17.7	6.24	9.47
27.78	19.27	8.04	10
33.52	19.44	7.54	9.88
12.86	14.87	6.69	9.63
13.7	14.84	6.61	10.56
15.32	20.61	7.25	10.13
21.86	20.99	7.18	10
26.48	21.84	7.98	13.47
38.94	26.01	8.51	14.31
74.18	25.43	4.68	10.5
39.48	20.26	7.55	11.06
79.08	19.89	6.19	10.44
39.26	22.52	6.36	10.56
22.3	23.23	6.64	10.06
23.42	23.37	6.19	12.13
34.96	26.6	7.93	13.63
25.38	24.84	6.69	12.31
28.07	22	6.85	12.06
37.05	29.27	8.29	11.38
35.43	29.7	8.19	11.38
37.8	30.49	8.89	14.06
26.62	23.31	6.51	11.53
30.18	25.54	7.33	12.35
33.64	26.69	8.13	11.81
25.16	21.44	6.38	10.63
24.08	19.89	6.21	10.31
20.68	23.88	7.66	9.94
7.82	22.68	6.39	10.63
10.46	17.71	6.24	12.06
20.77	22.65	6.88	15.19
28.26	27.39	8.68	15.25
25.62	23.95	9.16	11.13
25.1	23.92	7.52	13.06
23.1	21.77	7.61	13.19
32.58	22.97	8.36	15.4
37.48	30.31	8.38	24.5
20.8	21.01	8.18	15.47
30.78	20.94	7.71	20.82
20.6	18.64	7.69	15.65
29.68	18.67	9.34	16.12
30.86	21.36	6.99	20.12
36.12	20.79	5.64	20.76
40.74	23.25	7.02	21.53
43.02	29.77	8.66	30.81
44.54	37.15	16.54	32.75
19.37	20.42	6.77	19.38
11.66	16.44	5.34	19.25
20.98	27.22	5.96	28.44
29.15	33.58	9.23	37.75
38.2	34.85	7.55	36.81
36.65	32.02	14.21	23.25
28.52	21.53	8.46	13
26.7	15.45	7.99	12.5
12.3	16.58	6.67	11.06
19.24	24.51	9.64	17.94
24.53	23.47	7.57	16.06
14.28	18.38	6.9	14.4
21.2	21.74	6.81	16.29
34.25	26.47	13.36	14.69
32.8	22.54	10.24	12.06
32.48	16.49	8.07	11.19
19.37	13.61	7.03	10.06
16.04	12.84	7.15	9.8
9.04	13.5	8.68	9.13
26.9	13.99	14.53	11.29
44.98	27.07	12.57	20.94
41.05	24.59	15.4	16.76
66.5	29.19	15.86	20.94
103.74	53.88	25.86	27.88
116.82	43.74	27.52	28.94
82.14	40.73	24.91	22.71
41.64	24.93	23.12	11.35
47.22	29.96	14.2	13.35
66.22	28.72	12.38	12.53
48.3	25.07	12.14	11.24
28.68	24.3	13.76	11.94
20.52	17.99	10.09	11.53
18.45	19.59	9.29	11.82
35.68	31.76	11.71	12.31
36.68	26.34	14.56	12.2
66.08	35.79	18.82	12
56.34	26.02	15.67	11.93
36.26	25.09	14.62	13.4
14.7	19.51	8.62	11.33
18.42	20.07	8.81	12.6
48.2	28.29	15.59	17.81
69.7	35.2	27.03	28.5
62.98	30.16	24.7	19.88
41.33	27.41	18.26	15.94
46.65	28.46	14.65	12.19
48.37	28.7	11.88	12.41
92.58	47.13	16.49	33.82
135.4	71.31	24.53	59.59
122.2	83.58	27.89	79.41
106.17	69.17	23.46	65.82
82.4	42.27	15.25	31.59
26.15	35.16	9.62	10.76
14.48	31.29	7.72	11
20.35	47.46	8.95	9.65
40.57	54.23	11.32	18.24
71.15	72.17	26.48	42.06
84.4	64.94	14.33	52.47
101.47	79.61	15.29	68.06
110.98	97.06	16.33	69.12
69.6	51.65	13.03	35
56.27	32.67	10.09	16.18
33.96	43.19	11.89	30.12
29.39	40.4	9.29	16.59
54.83	48.34	14.21	18.47
33.7	28.24	11.66	13.76
22.51	30.71	9.08	13.76
29.81	47.41	11.88	20.41
36.97	44.19	13.66	19.18
48.61	44.46	19.97	21.41
37	31.92	15.37	18.06
51.7	31.79	14.85	18.88
40.97	24.76	16.99	15.06
47.04	38.46	14.69	18.29
34.91	33.31	11.37	18.24
33.53	18.3	10.62	9
56.63	29.23	17.36	10.44
45.21	27.61	18.29	10
36.67	21.54	7.72	9.18
44.53	20.73	11.09	9
33.97	23.59	15.34	11
74.8	40.84	17.46	23.41
40	39.62	19.98	19.24
21.4	26.83	11.51	14.18
19.48	20.67	9.85	9.87
22.2	23.19	11.62	13.53
26.08	25.05	11.48	9.2
22.8	22.51	11.14	10.12
24.25	21.87	9.44	9.31
37.82	34.96	11.03	11.25
59.74	36.4	23.99	13.25
102.26	38.68	33.31	16
65.96	29.32	21.54	13.8
73.02	36.3	25.69	16.2
56.74	38.31	23.41	31
171.83	90.3	37.75	91.31
53.9	42.88	28.76	21.6
43.23	32.13	19.66	16.53
39.47	27.71	15.58	13.86
16.9	26.1	12.73	11.79
19.82	21.58	12.57	11.86
30.85	29.52	15.54	14.62
59.78	38.34	24.23	23.29
158.7	52.96	39.01	39.4
185.18	58.46	64.05	29.33
160.5	49.33	65.93	14.44
212.86	52.11	73.42	16
137.24	37.94	41.13	13.29
76.57	28.71	20.59	8.35
75.76	26.32	29.69	14.44
132.62	35.3	38.61	23.39
46.15	23.19	35.39	14.67
95.08	32.95	36.76	24.94
118.8	52.49	42.86	53.17
76.28	45.56	38.05	39.33
122.33	56.33	33.85	35.61
75.21	25.65	24.62	16.5
55.79	29.36	20.69	15.78
96.56	44.58	28.25	29.28
94.83	55.06	31.84	35.58
68.63	39.95	25.15	26.95
55.03	40.22	21.68	25
118.71	55.34	31.78	48.17
104.07	37.47	20.72	27.61
48.28	27.45	21.58	11.83
32.1	27.35	12.18	11.11
24.72	26.51	13.21	11.78
17.65	20.14	12.2	8.63
36.05	22.11	15.01	12.94
53.6	31.28	18.57	20.26
70.95	34.94	27.77	20.37
114.82	52.75	40.15	33.53
111.46	48.64	35.71	24.79
69.37	31.26	35.61	14.42
57.77	24.16	26.85	11.37
99.83	30.28	30.51	20.21
82.53	36.37	33.09	14
118.65	43.28	71.34	22.89
103.42	43.27	123.13	17.63
95.68	41.73	32.25	27.47
109.77	45.35	33.52	26.47
166.48	81.91	49.33	77.11
146.6	87.84	50.39	86.47
197.3	138.01	65.77	91.56
159.12	105.98	59.53	87.56
63.6	69.4	31.81	60.67
104.32	53.74	38.57	52
123.58	73.83	55.66	53.28
59.4	41.02	27.48	40.44
67.16	37.43	33.12	32.67
57.95	36.77	25.03	19.63
48.08	30.05	21.31	19.79
36.35	23.9	22.56	13.68
36.36	24.28	19.54	13.95
41.38	26.18	24.83	14.89
39.98	29.62	19.61	18.47
75.4	21.63	15.77	20.95
43.03	22.38	29.45	13.68
56.63	24.01	23.01	20.32
76	27.6	16.81	22.74
82.25	25.52	19.34	25.68
70.07	30.93	21.73	25.16
88.67	28.64	31.56	29.53
58.17	27.33	30.46	18
45.77	29.53	27.86	18.74
59.4	28.41	30.63	19.79
45.64	20.46	27.36	15.26
42.42	23.64	32.01	19.26
76.26	39.57	43.12	21.74
75.78	32.76	32.5	21.28
63.44	24.94	24.45	18.06
24.84	22.71	21.21	13.44
53.82	31.7	20.62	18.78
86.26	49.9	41.68	31.06
108.88	62.31	65.91	40.79
113.06	66.02	44.52	37.16
90.28	53.31	37.8	28.79
26.95	36.71	24.98	22.16
34.7	40.03	25.14	18.61
70.16	44.73	20.54	19.67
41	36.1	18.64	16.11
28.2	26.08	18.98	12.06
33.52	29.28	18.69	10.29
11.54	23.51	7.87	7.06
15.16	20.48	7.28	6.76
45.98	30.34	16.27	10.17
44.88	32.49	14.08	21.16
58.18	33.03	14.51	13.63
51.86	35.79	12.56	14.58
50.5	45.99	25.65	21.21
42.36	40.49	16.13	18.47
41.58	29.74	11.63	13.47
45.98	38.29	14.3	13.84
27.9	38.33	12.79	18.63
38.7	47.83	13.33	17.33
35.15	40.71	21.92	20.79
48.26	43.4	14.05	18.42
46.12	39.46	10.76	17.53
56.38	41.64	12.02	22.16
65.74	53.81	23.58	26.11
33.32	31.27	10.37	14.53
40.34	33.98	11.96	20.89
37.38	37.11	10.83	19
44.7	24.44	9.57	15.42
47.64	18.78	9.09	12.42
30.3	20	9.3	10.89
30.5	30.37	9.11	13.63
31.88	35.83	10.7	14.63
14.68	26.64	9.42	11
11.4	23.04	8.64	9.95
24.94	28.44	9.85	14.21
38.58	28.77	11.52	13.95
42.58	26.54	12.14	15.53
46.72	40.73	14.24	13.37
48.8	40.83	11.46	15.47
51.8	51.53	12.87	18.37
37.03	40.34	12.46	22.37
36.83	25.41	11.23	11.74
25.75	21.59	11.19	9.89
19.6	17.79	10.34	9.42
20.08	19.32	8.71	9.37
18.15	22.35	7.93	9.63
18.3	25.81	8.81	13.26
26.68	25.82	13.97	13.94
28.24	27.34	12.21	15.94
13.64	29.08	9.78	14.17
26.73	25.89	10.98	13
22.36	25.44	9.58	12.33
25.96	24.36	10.46	14.47
24.61	28.81	8.68	12.75
28.44	32.23	8.98	14.56
29.14	37.8	13.5	16.89
29.97	35.19	16.09	15.22
21.28	25.78	10.41	16.94
33.29	35.36	14.01	16.47
38.49	43.14	11.56	16.35
30.42	44.94	10.06	14.88
35.79	49.35	12.79	16.53
38.67	50.17	14.15	19.12
37.11	41.45	14.47	16.82
31.63	31.5	16.46	11.76
6.38	25.78	8.81	12.28
19.86	30.81	8.35	14.5
41.28	35.95	14.28	16.06
31.66	31.49	14.5	17.29
30.7	31.29	13.33	15.88
47.42	37.71	16.56	19.18
31.88	25.19	28.15	13.24
37.24	34.23	11.97	12.06
47.34	38.07	13.7	13.88
32.76	33.31	10.61	15.88
34.18	31	11.7	16.31
24.96	23.61	11.05	14.93
29.78	21.85	16.58	14.13
13.96	22.64	8.14	15.13
28.96	31.96	11.04	16.29
33.96	27.18	13.31	17.18
30.43	28.39	11.54	16.87
35.7	30.67	8	15.29
45.02	34.9	8.56	15.65
52.25	34.35	9.09	16.82
38.57	29.06	9.98	13.29
38.55	28.32	6.66	11.78
35.22	21.15	6.74	11.72
35.08	22.86	6.01	11.72
14.13	24.45	6.69	13.83
26.9	23.79	6.19	10.06
26.42	23.18	5.86	11.76
25.55	22.66	6.27	9.94
24.72	29.09	5.37	9.88
24.3	26.79	7.62	11.47
33	23.97	6.64	13.41
39.1	26.85	5.86	14.65
39.9	35.82	9.62	21.47
43.88	35.65	12.82	18.76
19.8	19.72	8.46	12.41
16.14	25.78	8.8	12.44
28.26	29.59	9.99	19.47
27.4	31.21	8.14	15.47
29.5	30.46	11.25	15.2
23.46	24.69	9.61	12.33
21.88	20.78	5.95	8.07
22.22	20.37	6.23	8.2
32.64	24.6	6.61	9.6
22.43	22.31	7.02	10.27
31.55	26.72	7.48	14.87
26.78	20.26	7.98	12.67
20.76	22.14	6.29	15.4
22.54	25.35	9.79	13.2
22.8	26.78	14.43	15.47
22.84	24.56	10.26	13.38
20.12	31.52	12.34	15.69
26.96	28.74	8.62	15.59
29.81	37.69	10.55	17.41
33.81	40.25	12.85	16.65
36.69	29.36	10.74	17.41
32.39	29.31	9.98	16.12
39.43	29.75	12.45	17
28.03	32.13	8.86	15.61
30.86	30.39	10.69	16.94
26.66	26.24	11.36	14.22
37.3	29.73	11.28	14.94
25.03	25.01	7.86	12.94
30.74	26.12	9.66	16.33
40.13	33.4	10.09	16.47
32.59	28.88	11.85	14.82
39.64	28.58	10.31	15
20.83	26.17	11.19	11.82
28.54	32.23	23.59	18
48.53	32.14	14.24	20.69
29.03	23.97	13.76	14.18
22.21	27.06	8.75	12.35
28.64	28.99	23.01	12
31.69	32.25	22.52	16.65
34.53	32.42	15.62	14.76
24.18	26.38	9.29	16.65
28.19	26.32	9.97	15.18
29.04	27.55	8.8	15.29
21.97	22.58	6.97	14.79
29.04	31.53	6.91	14.71
35.63	27.62	9.34	14.93
41.81	29.75	11.67	14.4
69.53	32.77	11.23	15.63
42.53	25.58	10.41	13.94
42.53	29.81	12.11	16.5
39.23	36.12	12.56	16
28.99	26.33	10.06	17.56
22.91	25.27	9.77	16.31
35.2	27.39	10.26	15
35.09	30.68	12.62	17.53
41.63	31.86	13.6	17.12
39.66	31.08	14.67	17.06
42.29	34.13	15.88	16.44
31.47	29.55	12	14.72
35.87	28.64	12.6	16.94
47.53	31.16	11.79	16.94
45	35.64	17.41	15.71
47.07	25.69	19.21	14.53
38.98	24.47	13.61	13.41
31.24	31.14	17.41	16.75
66.71	35.09	23.1	19.94
49.47	35.56	19.12	16.18
55.66	36.25	16.55	15.11
44.61	24.32	18.67	12.28
41.51	21.75	16.98	14.78
38.43	29.37	15.77	14.44
37.39	28.89	15.62	16.56
38.39	37.66	17.53	17.72
47.4	40.41	15.73	16.17
69.69	44.59	18.16	24.82
53.41	37.72	14.33	17.76
68.9	38.92	14.4	25.88
53.39	34.11	16.4	19.53
143.43	29.96	16.16	14.65
224.65	36.62	15.26	19.61
214.46	35.23	13.5	19.39
181.77	34.55	14.63	18.67
164.65	32.48	13.89	15.53
109.72	31.15	15.11	18.12
39.62	43.13	18	18.82
45.18	40.17	16.66	21.24
38.84	42.9	14.72	23
55.38	42.05	19.36	21.33
42.66	31.76	14.91	12.89
39.4	31.86	13.34	14.33
48.55	33.11	13.64	17.89
54.3	25.47	17.08	12.56
59.85	24.82	14.52	11.65
63.47	28.48	12.48	12.88
88.53	30.22	13.13	14.12
54.77	32.11	13.44	18.61
97.32	39.05	14.39	20.35
81.52	37.13	15.86	21.65
114.96	35.57	15.93	18.94
209.66	36.46	17.33	15.6
175.24	47.64	21.85	19.46
75.04	42.19	12.75	21.54
38.88	35.33	16.59	17
47.34	41.5	18.23	17.38
45.01	42.24	17.27	19.93
50.96	36.1	17.77	16.14
62.73	50.75	19.76	22.87
68.17	53.19	22.55	30
75.38	58.44	22.31	29.29
81.17	46.57	23.42	25.06
54.06	34.44	22.72	17
25.29	24.11	16.52	11.67
17.73	20.32	15.51	8.22
31.9	22.26	16.44	14.33
49.44	23.72	22.68	19
45.87	24.9	21.43	18.24
26.9	22.26	17.34	15.81
38.53	22.79	21.68	12.94
46.27	21.98	19.52	12.59
42.83	18.97	21.85	14.41
74.84	32.32	27.32	25.89
103.71	41.33	33.09	38.5
111.56	49.58	35.44	39.94
86.64	37.18	25.09	29.06
31.34	23.09	12.9	17.72
45.96	23.15	11.76	17.5
75.89	23.18	14.06	21.61
44.03	21.35	13.8	19.61
26.37	20.28	15.01	19.56
35	18.63	16.34	18.94
29.84	19.11	17.06	20.67
40.77	21.58	18.3	20.65
61.82	26.13	20.14	22.18
91.25	31.56	21.57	28.59
165.8	48.21	33.41	64.41
185	52.43	31.74	79.89
176.13	48.33	28.43	52.63
141.3	39.93	28.12	44.28
82	29.53	22.29	27.28
66.83	25.21	19.71	26.78
57.61	16.56	17.17	26.67
50.6	16.34	13.21	18.56
44.97	24.5	11.01	22.38
108.83	60.25	17.76	45.56
127.09	41.26	14.97	39.06
47.2	20.69	13.79	33.72
98.3	32.21	19.58	39.06
165.59	46.86	27.88	48.5
240.75	60.17	46.92	91.56
244.92	69.04	46.96	102.89
242.75	62.45	36.15	83.88
276.43	63.4	40.03	107.65
255.37	51.66	37.21	101.44
145.13	32.42	28.04	59.56
128.88	23.72	26.74	35.63
119.33	29.58	33.43	27.75
146.62	33.53	44.34	43
132.68	42.57	34.19	29.93
115.52	41.83	34.01	32.87
159.6	48.69	25.46	35.13
100.4	39.4	22.67	25.8
115.63	60.94	33.18	33.6
151.48	75.09	31.48	67.07
165.75	37.75	25.11	54.87
79.18	28.66	20.71	23.31
58.95	24.71	31.23	26.59
192.01	72.13	42.44	63.59
173.15	72.97	44.86	76.06
64.32	35.69	27.48	22.88
52.61	36.6	17.95	21.35
55.07	44.18	19.57	37.06
132.02	51.26	28.05	47.82
26.79	35.07	19.68	20.71
61.65	63.78	26.45	37.06
54.47	54.4	30.95	41.53
84.14	34.82	21.37	29.47
75.11	36.97	22.19	27.24
52.95	36.83	19.32	29.65
100.6	49.81	28.32	34.33
44.6	48.93	23.41	30.39
15.04	31.33	15.81	18.67
16.24	23.73	14.54	15.94
36.52	24.57	18.11	19.28
32.75	26.49	19.84	17.44
35.23	28.13	11.81	19.33
78.97	42.16	36.15	29.06
76.68	31.95	23.18	26.33
69.57	34.96	16.84	26.06
136.4	44.68	37.49	36.67
71.9	23.56	18.35	24.56
112.07	47.66	22.66	38.53
125.9	48.41	29.24	42.76
94.18	38.68	29.13	28.94
100.2	31.92	24.36	29.47
100.85	33.79	27.89	31.06
83.14	30.3	21.21	34.06
75.26	39.69	31.67	31.94
116.87	54.59	37.47	47.31
144.37	49.98	31.37	61
119.21	52.08	34.52	46
38.9	34.64	23.17	18.94
23.35	21.09	13.36	11
33.08	22.96	12.56	14
34.68	23.17	14.92	10.19
29.97	23.37	13.59	13.44
28.81	25.53	12.05	14.38
51	32.44	14.95	21.31
64.36	39.42	19.88	23.5
71.4	35.29	20.79	24
27.01	19.73	13.54	9.4
27.71	15.62	12.09	7.93
27.57	21.86	13.89	12.93
34.56	24.25	16.09	15.2
50.36	29.53	17.86	16.73
62.59	47.55	35.62	29.33
39.33	36.86	21.99	21.31
34	27.37	15.75	15
62.13	30.36	21.78	14.06
71.39	43.28	27.81	37.94
41.16	28.64	21	19.88
29.4	17.28	13.38	15.31
41.39	23.95	14.91	18.38
68.06	28.1	22.09	29.87
70.73	25.5	29.63	21.2
42.85	15.66	22.95	17.33
57.78	26.59	31.46	21.27
68.47	31.28	27.03	26.2
72.22	18.45	26.05	21
54.96	26.55	32.91	22.6
67.56	26.57	33.09	24.19
81.73	26.84	20.93	26
71.05	23.05	26.79	23.73
92.5	27.21	33.8	25.56
96.93	32.09	35.73	29.75
63.3	32.06	49.57	18.5
201.97	58.73	67.16	46.07
174.86	49.76	67.82	34.33
41.47	23.59	31.24	15.4
88	32.16	46.13	22.8
144.42	40.64	41.16	30.47
105	58.33	43.09	40.77
53.11	34.79	40.38	21.79
31.04	18.95	21.82	17.31
40.69	27.35	21.47	18.67
60.83	44.38	28.48	36.75
110.9	65.3	39.67	44.08
102.5	64.84	29.96	37.64
101.46	46	25.01	29.92
173.69	49.28	26.97	32.67
134.14	47.18	53.66	34.25
80	48.65	37.95	35.56
52.99	50.71	27.39	37
52.11	39.55	22.96	29
39.97	27.15	20.91	24.06
43.47	35.28	18.95	24.14
41.07	34.2	19.52	20.86
56.77	40.15	25.82	29.5
74.97	35.55	25.27	18.23
79.61	30.14	19.84	18.23
79.07	36.97	21.44	17.54
43.94	33.63	27.54	14.69
50.16	34.64	23.56	18.92
43.99	32.87	25.48	15.54
56.96	33.33	38.19	22.31
68.88	37.96	28.58	38.08
76.53	35.26	24.18	33.62
85.45	29.76	21.18	33.62
41.03	23.57	15.09	22.57
60.4	32.29	21.15	30.71
39.13	27.11	20.81	20.92
45.47	32.9	24.14	25.23
67	71.83	60.76	41.62
70.7	63.63	49.19	43.38
47.91	49.18	28.01	26.31
63.11	47.71	33.7	27.15
46.9	34.44	24.23	27
64.93	49.45	25.12	40.38
92.93	58.29	31.21	46.62
87.24	63.39	39.89	45.69
80.27	59.77	30.02	44.23
61.31	41.31	20.25	29.46
53.41	24.11	14.89	20.46
84.44	29.23	20	23.83
54.76	36.39	16.62	27.25
45.5	28.88	20.03	25.23
29.25	22.92	14.43	19
33.33	29.6	28.02	21.38
32.73	19.66	9.53	16
43.52	31.18	14.2	28.62
47.77	43.66	16.47	43.54
58.57	32.77	12.75	37.42
55.78	34.19	12.35	43.09
53.38	28.84	10.94	32.18
33.85	25.54	14.04	25.25
22.18	18.85	9.44	21
34.13	28.95	11.81	16.17
40.17	36.7	17.72	17.91
28.33	27.99	15.72	12.75
26.7	26.36	13.79	7.08
30.65	25.66	12.82	8.92
38.6	22.62	11.59	6
56.3	21.13	10.56	6.25
26.75	29.58	14.62	8
34.17	21.93	11.73	6.1
51.24	20.15	10.17	10.9
41.73	40.15	19.05	19.45
31.2	47.79	14.31	24.33
23.1	32.73	14.36	13.25
24.07	31.45	15.47	13.75
36.7	27.47	12.03	13.9
25.87	25.68	11.96	10.8
25.12	29.7	11.34	11.4
31.5	38.74	19.12	16.73
30.08	35.18	17.16	15.9
31.32	38.85	10.4	10.4
35.5	33.68	6.74	10.91
35.3	35.77	9.61	7.45
30.57	28.67	9.86	6.18
35.07	42.08	16.41	14.67
38.1	43.26	24.85	12.82
27.45	54.04	14.71	14.33
31.03	49.13	17.84	11.33
22.81	36.58	17.29	8.67
24.29	33.18	13.18	9.5
17.79	27.28	11.14	7.83
25.61	42.23	12.67	12.15
33.19	51.94	14.96	13.08
37.19	54.01	15.25	19.54
47.67	49.9	18.22	20.08
19.57	21.18	11.02	6.92
18.99	32.79	10.88	10.92
16.8	29.41	10.94	11.38
25.14	36.21	12.02	11.85
23.93	36.05	11.28	12.54
27.27	38.98	12.26	17.54
35.89	51.6	16.04	22.69
33.45	43.46	14.46	20.38
32.93	29.43	16.74	18.57
37.45	31.09	15.16	18.17
31.97	31	13.86	20.38
32.67	34.61	13.66	19.23
31.14	32.76	13.11	18.17
37.44	34.52	14.34	14.92
26.54	33.71	13.76	13.33
25.3	37.42	14.97	14.33
19.87	27.87	14.78	14.44
26.63	47.07	16.28	9.36
30.06	42.97	14.41	10
25.21	35.51	15.66	14.23
31.7	35.43	14.25	13.85
26.99	34.48	16.24	19.31
66.56	37.37	18.08	11.38
20.7	35.66	12.31	13.57
18.29	35.85	13.38	11.36
30.21	48.09	20.68	14.29
35.74	47.46	21.23	13.53
87.99	48.17	16.62	15.8
121.59	29.19	12.7	7.93
50.36	35.08	13.74	13.47
28.09	33.76	11.93	11.07
24.26	29.48	11.96	11.47
23.06	36.17	12.08	11.13
32.81	46.46	14.55	16.33
36.49	44.49	13.05	17.2
39.66	29.17	11.31	12.07
30.84	31.96	11.51	13.2
28.7	33.66	11.96	15.87
34.33	37.01	11.69	16.73
46.68	34.27	10.25	14.47
57.4	36.83	10.33	17.6
42.08	30.73	10.69	13.71
36.5	32.1	11.11	14.29
59.7	31.34	11.25	14.07
19.38	30.28	10.19	9.5
32.68	40.9	11.07	14.86
43.1	46.67	21.27	14.07
45.85	43.39	15.75	14.73
57.95	33.62	15.31	12.93
58.21	29.83	13.21	13.73
46.36	23.06	12.15	13.47
31.34	26.9	10.72	15.2
48.49	49.89	14.08	23.73
66.87	70.08	17.88	24.07
54.73	51.54	13.2	23.27
59.78	52.14	16.47	19.33
69.53	50.07	17.43	24
53.9	52.97	16.84	20.93
45.7	47.41	12.37	18.67
51.71	49.88	16.02	24.67
38.59	37.82	10.52	16.43
41.59	44.56	14.86	21.93
38.31	35.76	18.61	18.57
44.66	25.76	12.11	16.86
18.04	24.19	9.49	16
25.87	32.31	9.26	18.85
28.86	45.28	10.14	24.08
26.91	40.66	15.18	22.92
37.96	44.87	13.75	21.15
28.18	34.39	11.23	20.54
22.38	17.75	9.05	16.75
15.97	27.73	9.79	20.64
31.95	29.78	12.19	19.5
71.32	33.11	11.12	20.33
38.95	33.03	9.34	19.33
27.45	35.31	9.3	19.42
29.1	34.91	13.34	19.75
40.04	27.76	11.48	19.67
26.1	39.46	9.86	19.92
23.75	34.51	10.12	22.07
25.18	45.29	10.3	19.62
31.54	45.83	12.45	18.58
59.08	52.11	17.39	19.42
60.9	47.79	16.15	15.83
60.23	38	13.16	13.33
65.72	47.35	18.19	12.33
47.08	39.64	13.08	13.25
47.03	34.48	10.62	9.58
25.16	31.18	10.72	12.25
31.54	33.1	10.68	12.85
26.24	27.72	9.97	12.08
17.61	28.1	10.2	11
27.04	41.69	11.64	14.62
32.91	45.38	10.74	16.08
31.53	45.71	11.54	12.54
39.82	53	12.29	15
37.08	43.76	8.7	15.15
38.8	35.58	9.66	13.77
34.64	38.33	9.73	14.62
39.16	55.06	11.95	14.85
57.2	66.45	18.06	16.93
72.48	70.29	23.15	15.21
66.85	68.86	17.53	14.64
95.5	75.55	19.28	15.4
67.82	57.64	16.42	13.2
74.28	40.63	12.61	14.13
19.88	26.09	9.21	13.53
24.1	38.18	10.85	12.2
37.07	58.68	11.65	12.47
45.33	65.43	13.32	12.33
50.88	42.62	13.25	13.53
29.86	30.61	14.16	11.87
25.7	26.01	12.67	11
39.31	32.12	12.73	10.27
48.25	39.62	12.88	9.93
69.33	58.68	13.23	11.87
63.33	43.28	11.25	10.47
39.69	42.39	10.53	10.21
55.17	46.04	11.26	11.14
41.76	47.8	11.1	10.79
40.54	35.04	12.78	9.86
35.16	29.18	10.86	12.46
38.74	30.66	12.06	9.54
31.84	30.09	10.94	9.23
35.49	33.17	11.24	8.86
34.23	33.26	10.05	7.43
58.54	30.2	10.83	8.86
33.77	35.03	9.27	8.31
27.83	30.58	12.18	9.08
49.64	35	12.43	8.15
10.95	31.49	9.37	8.77
20.83	44.82	10.93	10.92
33.5	58.9	16.16	10.31
58.24	51.71	20.5	10.38
49.03	54.61	17.85	9.62
79.33	52.31	12.65	9.93
85.78	62.14	19.33	9.29
47	63.49	13.87	9.14
79.73	47.41	10.92	9.23
57.38	49.15	14.04	8.54
92.98	49.76	12.69	9.62
26.12	49.75	9.47	18.25
31.47	36.86	12.26	21.57
43	39.59	8.53	22.57
35.18	50.96	8.49	30.71
44.78	55.01	8.44	30.14
63.84	65.15	12.54	36.29
43.53	52.78	11.76	26.14
45.25	37.29	11.18	19.23
62.8	53.55	9.79	26.4
64.19	46.29	12.18	25.5
47.83	38.16	11.19	22.07
63.73	40.08	11.58	23.29
65.94	35.96	10.41	20.64
60.89	29.79	13.21	20.93
38.93	38.16	12.77	25.21
24.66	34.03	9.4	18.29
34.13	42.09	12.17	22.2
43.14	36.85	11.99	23.47
54.2	57.38	14.16	28.87
66.64	50.78	12.62	30.47
32.73	24.04	10.59	19.27
61.18	51.63	12.26	31.73
102.6	47.01	12.28	33.07
93.05	31.27	9.95	26.07
96.53	34.92	18.46	27.29
89.41	38.77	17.68	30.36
40.13	23.64	10.48	19.64
25.79	19.14	7.47	19.64
28.43	24	8.05	20.85
42.6	34.72	12.07	29.85
56.57	36.85	14.84	32.15
29.82	24.1	10.96	24.85
52.91	54.62	19.72	32.08
51.03	44.94	12.28	25.5
55.12	45.38	14.5	30
28.77	23.75	9.69	18
36.06	34.47	10.18	22.85
27.15	36.54	10.2	24.54
48.85	44.27	17.94	27.54
66.96	46.25	14.84	35.93
56.93	29.7	13.19	23.23
32.9	23.1	11.27	21.77
95.65	48.67	16.97	38.77
87.48	35.36	12.73	30.57
34.81	31.61	10.74	20.79
25.81	29.88	9.99	18.64
63.32	34.98	14.8	23.15
41.86	30.15	18.44	16.92
39.39	23.82	14.16	17.08
39.44	29.29	13.9	20.77
22.13	29.88	12.92	18.08
24.61	26.5	11.41	21
59.12	33.63	18.7	22.62
52.02	34	18.64	28.15
146.87	47.45	21.15	45
172.58	48.18	19.85	55.23
125.02	59.35	25.39	47.42
75.65	54.17	21.85	39.08
49.41	35.1	18.04	29
20.41	34.18	12.5	21.17
27.58	28.03	10.17	21.25
44.66	26.16	12.48	18.09
58.08	28.45	15.7	15.36
22.85	25.28	11.23	15.18
35.84	35.95	15.94	22.18
36.74	32.35	13.18	23.64
56.71	30.99	12.88	23.91
50.59	32.59	15.78	22.82
40.13	24.67	16.77	19.55
56.29	28.97	17.63	21.09
159.66	63.38	38.95	34.64
138.25	45.34	31.44	23.91
51.73	37.18	25.34	17.64
100.58	54.73	33.53	23.36
52.58	34.31	27.47	12.91
42.07	27.77	22.89	10.45
118.17	42.4	22.06	19.64
77.17	30.66	30.88	8.36
23.28	26.53	30.24	8.42
37.99	36.67	28.41	17.85
74.31	38.27	18.22	18.69
122.02	44.84	24.48	30.08
90.2	34.05	21.75	20
102.05	41.9	32.95	22.08
168.75	81.88	40.53	30.92
272.55	100.21	48.34	46.62
277.25	92.82	49.87	48.08
37.19	57.71	30.58	27.23
68.39	47.6	24.75	28.54
41.11	41.51	23.47	22
62.55	42.37	21.97	23.15
116.55	42.79	21.5	24.77
99.49	42.02	25.51	32.99
131.54	52.04	28.64	38.22
97.46	44.77	28.46	37.82
50.96	30.91	26.24	26.28
23.56	23.28	14.78	18.46
31.46	20.98	14.49	18.39
18.68	15.54	13.65	16.2
46.2	29.98	18.27	24.04
112.68	39.36	22.47	23.51
121.79	43.85	30.06	31.37
90.59	37.15	25.29	30.19
38.34	30.66	19.29	20.33
50.2	26.46	22.53	18.82
32.93	21.64	19.55	16.09
33.68	29.83	17.58	17.39
63.5	36.4	19.72	22.39
59.38	31.59	24.91	20.68
34.18	27.67	16.04	18.26
59.93	29.54	22.45	23.87
52.4	31.22	20.94	19.67
33.76	25.38	17.73	15.79
39.93	26.66	15.76	19.53
58.76	34.92	17.08	20.28
45.16	29.79	20.26	15.88
56.1	27.81	14.06	16.39
78.56	27.19	15.64	21.07
85.79	30.01	23.88	20.16
100.43	43.86	27.39	23.25
79.28	40.64	22.51	21.73
103.65	46.18	30.95	25.75
67.48	41.43	27.04	22.52
60.25	36.18	25.88	21.25
34.88	26.9	19.96	17.34
21.56	23.01	13.21	18.81
49.98	36.71	23.93	20.82
76.6	42.06	25.88	25.01
54.64	37.25	23.47	21.74
34.86	24.44	17.16	20.69
52.81	25.15	18.46	20.59
65.89	23.09	17.37	16.69
61.24	22.38	16.43	16.76
89.79	35.88	32.41	19.03
38.59	23.77	27.06	16.76
35.36	21.89	20.19	12.95
58.81	24	17.51	13.64
81.76	22.82	23.95	14.64
102.42	23.01	19.13	17.91
93	24.72	18.7	15.85
71.06	26.12	22.48	12.56
78.61	26.42	18.66	15.68
101.58	30.94	24.8	14.07
45.74	28.56	15.67	12.88
64.19	36.02	19.04	18.09
79.51	22.02	15.52	12.26
16.21	13.88	11.65	12.05
17.65	19.53	14.22	11.58
23.05	22.79	13.39	15.74
32.75	28.06	15.19	23.7
93.7	40.17	25.62	37.24
128.3	42.33	31.83	31.71
63.58	36.59	18.74	30.93
110	42.93	29.96	32.57
76.8	40.46	21.14	30.73
70.16	36.03	21.94	30.07
56	27.57	18.22	19.67
38.2	32.37	16.17	19
67.23	48.09	22.91	22
49.14	42.12	20.07	23.27
39.56	36.83	17.37	18.33
64.7	38.94	14.84	21.2
38.3	38.27	15.97	15.47
34.1	35.76	15.12	14.93
30.16	28.02	14.3	12.69
43.58	25.87	14.76	11
49.33	28.05	17.48	10.43
50.08	32.73	23.21	12.64
40.6	21.62	17.46	13.57
29.21	32.94	14.83	12.93
37.56	35.48	16.07	12.53
33.63	26.83	12.51	10.8
39.37	22.98	12.77	13.47
48.96	23.5	13.09	14.73
38.2	21.4	14.18	12.67
42.97	20.03	14.01	14.4
36.9	29.42	13.81	22.57
47.65	31.11	14.62	25.67
35.36	22.46	16.16	23.6
21.35	18.14	13.56	20.07
36.33	23.16	14.08	24.53
38.41	21.07	11.62	21.07
48.76	30.74	14.73	22.4
54.2	28.61	17.72	20.87
29.43	24.48	16.17	20.73
44.44	28.62	16.74	19
44.62	27.16	16.07	20.2
33.73	24.43	11.97	19
36.77	21.08	10.77	17.67
31.41	28.92	14.15	17.79
21.31	27.88	15.05	19.38
35.68	33.86	13.43	20.93
30.09	36.6	16.12	20.79
28.09	37.61	17.55	19.79
27	36.36	12.14	20.64
26.43	33.47	11.52	20.43
25.49	33.89	11.36	18.21
51.7	45.15	14.62	20.67
45.13	45.27	13.02	19.67
43.29	42.96	14.71	19.2
46.03	41.03	12.73	18.21
53.54	46.74	13.76	17.79
55.32	44.49	16.28	20.14
41.23	28.42	12.56	20.57
32.13	43.01	12.98	21.93
36.78	55.08	15.71	24.87
42.64	56.94	15.8	24.67
47.81	56.84	15.46	27.67
33.96	38.09	13.05	23.27
34.91	34.44	14.23	22.07
47.73	52.08	16.21	26.07
63.87	46.9	18.03	25.21
56.36	33.26	16.17	22.71
50.74	28.26	13.91	20.92
39.74	28.73	15.08	18.67
42.24	34.67	12.93	22
38.26	28.33	11.56	21.5
33.8	22.16	11.91	21.08
43.03	32.67	12.1	32.91
29.36	30.99	12.21	23.97
33.65	30.16	11.52	19.67
24.03	38.3	12.77	21
30.53	33.19	12.44	19.13
22.96	22.56	10.22	19.33
23.76	25.67	10.04	18.38
24.93	30.46	10.88	19.31
29.91	39.25	12.55	19.06
22.16	35.04	12.07	19.19
25.9	31.57	12.96	19.5
21.64	34.27	15.05	20
44.06	32.49	9.78	21.31
24.55	32.39	11.62	20.13
22.03	30.34	13.29	20.56
17.36	24.06	12.15	20.07
16.25	26.81	11.19	19.2
22.51	26.01	12.81	20.73
15.78	25.9	8.93	20.67
21.61	24.94	13.63	20.13
14.8	27.21	15.96	19.4
16.09	30.86	17.85	25.47
36.79	29.75	13.54	22.2
33.49	35.14	12.67	24.2
24.29	33.95	14.64	25.27
15.25	32.86	14.58	22.4
19.49	28.92	11.95	22
20.49	24.25	11.21	18.67
11.9	25.26	11.39	12.43
20.49	27.63	11.06	14.07
37.54	30.89	11.94	15.47
33.76	28.24	11.54	13.33
32.57	27.07	11.74	13.07
34.89	26.56	13.85	14.93
29.47	29.14	13.91	16.21
23.03	29.18	15.56	13.57
27.74	25.35	11.38	11.36
26.43	29.23	9.7	14.6
29.18	32.66	8.39	16.14
29.81	35.86	11.12	15.64
32.54	35.98	9.9	16.5
32.18	43.18	9.99	17
39.81	49.28	13.92	18.81
41.08	50.81	11.41	19
41.2	35.44	12.08	17.13
45.38	33.22	11.42	18.25
52.24	31.97	10.26	20.75
30.81	28.15	10.89	18.44
30.7	27.17	8.52	21.47
17.06	26.41	5.94	21.6
13.16	24.93	6.5	20
18.9	27.41	7.56	21.06
25.75	32.73	9.48	21.81
26.3	32.19	6.99	23.75
21.01	21.05	7.24	21.5
20.31	24.09	8.31	21.57
27.54	30.22	8.3	22.21
35.61	36.52	18.14	25.2
39.56	38.04	18.15	26
36.21	35	13.44	27.13
33.31	28.52	12.99	24.31
36.16	22.94	14.55	22.69
35.05	25.9	11.65	23.5
33.05	22.69	9.31	22.75
29.05	23.29	10.05	22.93
31.13	24.29	11.25	22.4
21.53	27.49	9.04	22.29
21.96	25.74	8.44	22.79
22.91	22.99	8.1	23.79
27.59	21.77	8.53	24.14
30.34	20.31	7.09	21.87
24.83	27.2	9.65	25
31.06	33.97	10.24	30.44
32.48	35.76	14.9	28.38
34.34	31.22	11.23	25.88
18.35	20.25	7.98	21.75
20.97	30.19	9.89	25.63
26.53	33.68	12.88	28.44
29.38	38.96	13.49	28.13
41.84	44.57	11.9	31.13
38.96	39.68	9.35	32.56
34.28	40.39	10.95	29.88
32.25	40.69	11.05	33.31
50.51	42.52	19.24	34.44
28.96	30.71	9.89	27.88
23.38	29.24	9.99	24.2
47.81	35.48	9.57	21.46
34.69	44.54	11.31	22.45
36.96	47.58	13.49	25.31
38.13	41.45	12.11	22.97
32.01	46.22	9.46	22.07
39.31	56.44	10.67	27.61
42.34	51.5	11.55	23.09
37.34	41.57	9.73	20.46
29.24	34.56	10.28	19.19
38.9	31.61	14.34	18.44
21.85	32.84	10.49	17.77
30.65	44.07	9.07	21.9
38.92	46.6	14.34	23.01
20.58	31.68	6.87	17.69
87.13	35.53	7.33	19.28
32.72	42.02	11.6	21.27
36.62	39.19	11.29	20.51
55.18	47.21	18.2	21.55
41.76	40.77	12.48	19.32
38.58	37.37	12.38	17.38
42.5	32.51	8.85	18.09
58.52	32.69	12.15	20.55
92.39	32.73	9.45	20.08
39.18	31.29	13.16	19.2
32.2	30.29	10.29	19.52
41.3	35.34	10.58	19.28
45.37	35.21	8.71	20.91
48.53	33.89	12.54	19.86
26.12	34.56	8.05	19.82
146.8	38.87	9.58	21.67
273.77	41.54	8.9	25.36
36.86	33.48	12.99	23.4
30.63	31.46	10.16	19.07
18.54	31.85	9.38	21.15
31.68	39.18	14.54	19.6
30.04	52.8	13.12	26.8
29.88	53.48	12.6	19.5
30.23	52.35	11.55	18.93
28.15	58.42	15.63	20.57
41.56	57.27	12.71	20.44
44.21	44.53	13.18	16.06
37.35	36.93	10.92	12.69
31.05	33.42	9.86	13.2
21.61	27.83	11.24	9.69
12.58	32.29	11.46	10.44
25.41	42.14	15.64	15
29.43	43	16.91	16
16.5	30.56	10.62	10.13
16.31	33.45	13.76	10.93
16.17	34.97	11.42	12.56
23.06	36.88	12.38	13.63
20.75	32.49	10.4	12.63
22.54	29.55	10.3	11.06
22.81	28.88	10.77	12.75
23.64	31	11.09	11.44
40.34	49.51	15.75	23.75
42.39	50.09	14.49	23
29.81	33.59	10.23	18.6
42.98	30.58	11.98	19.87
45.48	25.37	11.42	18.33
17.25	21.24	9.91	19.69
35.29	23.28	9	17.12
35.88	20.3	8.01	13.36
30.08	25.82	9.56	13.06
53.6	32.08	12.34	19.19
56.44	31.47	11.1	16.48
55.94	26.09	12.08	12.38
64.07	34.84	16.27	16.99
46.32	29.34	11.25	15.95
50.82	26.71	11.08	17.87
56.67	35.52	13.11	21.81
29.93	33.74	10.15	21.36
37.76	31.88	10.19	18
34.71	29.12	12.32	17.01
70.31	40.4	14.61	21.36
68.1	37.8	16.12	20.11
29.3	31.3	12.97	17.92
28.95	23.58	11.15	13.47
32.35	29.3	11.51	15.48
33.74	32.56	13.73	14.86
29.46	37.62	15.7	16.28
49.68	41.52	14.91	19.31
53.24	46.1	15.33	18.16
40.21	28.71	13.06	12.75
45.89	28.67	16.11	11.22
107.56	45.85	18.74	18.19
116.91	49.49	18.06	21.21
110.11	48.18	16.93	23.08
73.8	41.78	17.01	14.93
64.19	47.12	17.56	18.17
55.53	36.26	12.58	14.75
57.51	35.59	13.12	15.06
55.83	30.63	13.73	12.14
53.56	39.85	16.31	13.57
35.03	33.97	14.48	13.14
19.36	30.57	12.23	10.5
29.07	27.73	11.99	9.93
32.68	36.09	15.85	13
48.95	44.18	18.42	16.29
59.19	49.31	18.19	24.4
49.08	45.18	13.75	21.33
43.43	28.16	13.75	12.73
38.77	25.34	12.53	10.27
35.31	26.82	10.03	14.87
53.57	25.44	13.59	12.73
53.84	25.79	11.19	13.33
24.08	23.26	11.46	13
52.4	30.14	13.39	15.27
96.94	33.06	18.95	17.8
68.84	27.88	17.06	15.4
29.66	20.69	16.55	14.57
26.73	24.43	13.71	17.07
43.83	35.26	13.19	19.47
36.81	37.09	14.23	27
20.02	18.69	14.86	16.87
42.43	27.86	11.6	19.87
19.21	24.29	13.96	17.93
25.14	26.31	9.91	18.13
40.31	29.13	11.7	19.07
66.19	32.65	21.52	22.43
71.93	42.46	25.62	26.29
93.09	47.79	23.69	31.21
142.31	35.52	20.09	33.6
93.93	26.39	18.29	23.13
87.24	32.42	19.85	22.86
95.46	37.11	21.16	23.79
93.27	33.83	22.94	22.86
63.4	37.81	21.72	23.71
36.21	32.96	20.24	20
76.21	42.22	25.61	22
67.81	44.58	23.84	24.36
36.27	32.45	14.96	22.79
98.01	38.95	22.61	30.07
155.05	46.75	23.61	40
151.51	66.77	26.79	43.4
105.39	38.17	17.7	34.67
76.98	27.68	17.55	32
105.38	29.04	19.11	32.87
69.86	26.52	31.24	28.2
68.63	31.13	22.91	31.2
86.21	33.04	29.01	39.53
157.74	51.19	27.32	53.4
137.59	39.04	21.52	38.87
130.6	46.96	22.35	49.2
183.91	58.63	37.45	87.21
113.72	48.38	25.74	45.6
52.64	31.5	20.86	21.33
29.48	22.09	16.24	17.43
38.43	25.67	17.21	16.6
63.87	34.26	20.48	20.8
108.07	38.42	17.85	27.53
88.69	31.09	14.02	26.73
51.62	26.76	17.81	19.33
37.42	21.64	16.82	11.12
53.8	25.08	18.63	14.8
113.18	48.86	27.61	32
91.8	44.39	26.97	33.57
29.45	24.71	16.65	12.03
51.61	24.28	15.63	11.52
64.73	26.33	17.46	13.75
53.01	29.84	19.98	16.61
64.26	35.83	20.76	22.86
69.57	37.61	20.4	25.15
77.9	45.28	29.2	30.28
85.11	40.72	23.75	28.31
92.84	47.5	26.76	29.51
61.54	28.95	21.43	17.72
41.68	26.68	18.32	12.85
58.39	36.72	21.83	17.27
66.06	45.4	28.01	23.9
51.72	39.71	27.04	9.44
29.13	20.84	23.41	9.34
37.48	27.52	27.88	10.49
32.2	25.71	22.92	12.97
28.51	24.58	28.18	14.75
49.97	28.37	16.55	20.55
30.9	24.99	13.03	15.81
38.14	25.3	12.93	13.96
63.11	25.04	14.32	18.33
102.01	38.37	22.97	31.04
124.05	34.84	28.44	25.15
118.11	32.83	23.56	22.8
46.28	23.25	18.5	21.49
34.71	17.22	15.84	19.01
26.93	15.6	16.23	14.46
25.22	15.07	12.77	13.25
20.43	19	13.66	8
26.48	21.5	15.19	11.23
36.02	23.1	20.46	12.66
62.14	37.77	24.86	17.18
74.66	45.56	22.26	20.01
58.86	43.78	20.15	17.63
39.51	37.02	16.98	15.54
18.64	32.87	18.55	12.31
33.64	35.08	16.93	14.41
27.41	25.38	15.83	11.06
34.59	30.91	21.56	13.48
39.39	33.51	14.47	13.35
48.14	32.4	13.06	12.12
41.99	39.67	14.82	12.41
50.75	33.19	15.34	11.73
81.09	40.34	19.67	15.07
64.9	39.49	18.2	17.48
61.97	30.55	15.2	15.53
58.12	26.03	20.37	15
63.01	26.3	16.11	14.59
27.26	21.82	14.84	14.3
33.12	26.48	16.51	19.37
33.65	25.92	16.61	19.57
53.54	35.01	26.49	25.16
88.53	49.73	38.03	32.07
63.55	40.27	20.65	28.32
37.99	18.78	12.57	17.79
24.91	18.13	13.35	17.81
15.85	15.19	13.45	17.73
13.6	16.56	13.71	16.75
34.33	25.17	13.03	16.48
53.81	25.25	11.19	15.53
41.53	27.03	11.57	17.22
47.8	27.65	11.33	16.73
45.86	22.51	12.66	14.41
40.8	30.1	13.48	14.93
65.1	41.24	17.81	18.04
64.02	39.77	17.05	15.66
78.05	55.74	19.84	21.17
96.04	62.06	22.08	29.04
90.25	45.76	24.01	22.45
20.54	24.26	16.84	10.93
31.13	42.32	16.1	16.53
46.29	45.17	14.33	16.56
44.46	41	14.27	17.19
47.2	37.74	18.25	21.47
38	37.13	14.72	20.28
33.31	43.44	18.42	20.19
27.17	26.25	14.19	17.44
22.39	31.14	13.24	19.28
33.42	33.2	14.59	20.82
40.84	37.64	15.73	24.1
23.93	28.17	15.15	16.69
28.7	33.79	17.16	14.77
56.92	35.79	16.99	14.99
69.52	41.78	16.39	23.66
64.37	45.28	18.27	18.46
55.97	39.91	12.91	16.85
58.84	39.72	16.98	18.63
45.59	30.01	18.52	15.6
45.66	41.9	15.8	14.28
63.76	23.64	10.79	12.68
141.96	18.95	9.61	14.29
99.97	37.23	14.63	13.5
61.9	49.52	22.28	17.31
40.6	40	12.3	11.78
27.47	35.75	12.3	11.32
29.99	33.53	12.07	11.6
35.59	33.32	14.92	10.97
43.94	39.05	15.29	14.08
39.52	37.01	15.81	13.81
26.08	28.72	11.35	10.26
26.07	28.03	10.13	9.33
24.71	32.1	10.72	12.27
42.2	29.42	11.29	12.27
41.09	30.82	12.67	12.38
30.09	28.74	12.47	8.89
27.82	25.52	11.45	10.39
34	50.05	16.18	13.08
48.34	51.25	12.12	12.34
34.86	42.39	10.69	13.1
32.33	30.43	11.29	13.8
29.77	24.26	11.51	12.14
30.25	22.55	12.29	12.11
32.83	26.4	11.79	14.98
40.48	32.54	11.75	16.36
32.2	37.89	11.26	17.12
36.73	28.82	11.11	14.45
32.09	28.42	11.88	14.52
25.7	29.49	10.64	15.14
25.18	20.93	11.15	15
36.58	29.13	9.79	15.89
28.59	36.5	10.36	20.78
29.78	28.4	11.69	16.61
34.53	40.1	11.42	21.36
32.48	42.24	10.59	20.93
39.77	38.56	10.7	21.71
29.12	33.33	11.84	20.46
24.65	30.66	11.91	19.39
27.2	34.06	10.26	19.79
28.3	24.79	11.11	17.59
25.93	27.57	10.72	16.99
26.44	37.09	8.25	16.45
19.92	33.91	9.37	15.85
20.76	36.55	9.59	14.5
28.68	36.71	9.12	16.74
24.93	38.75	9.38	16.21
29.91	41.48	9.03	18.25
31.62	43.88	12.27	14.22
33.3	34.73	15.92	10.78
40.27	35.72	13.48	11.85
32.33	35.3	11.8	11.46
35.45	42.09	11.56	18.64
33.02	35.8	12.35	14.9
35.52	37.29	12.67	14.79
31.09	39.68	12.13	16.75
28.09	29.34	12.54	16.23
29.16	27.98	11.78	17.46
14.63	25.87	12.68	17.38
17.64	31.78	12.22	17.06
20.23	43.34	11.77	15.91
31.2	51.28	10.32	16.58
36.73	56.4	11.01	16.78
34.84	48.3	10.79	17.79
27.5	44.68	10.62	16.24
32.06	42.92	11.04	17.05
34.75	58.7	11.38	15.7
40.51	58.15	12.45	15.36
43.6	54.79	13.75	18.74
38.88	57.68	12.14	16.31
36.76	52.12	11.7	17.49
26.58	43.03	11.36	16.47
28.07	37.21	12.7	17.06
30.28	37.67	12.77	15.36
46.3	42.35	12.51	13.22
34.26	45.62	12.09	13.01
33.13	34	13.84	13.28
39.54	39.46	11.77	11.5
39.75	33.84	11.1	10.63
26.52	39.51	11.14	13.43
51.18	52.71	12.08	15.78
48.64	42.36	9.81	13.18
37.13	36.99	8.64	13.14
30.85	37.66	7.82	12.57
35.95	46.85	8.76	15.14
71.05	42.58	9.65	17.94
46.8	31.29	10.1	14.32
32.27	36.02	9.37	12.21
28.35	39.3	4.99	13.01
43.37	43.69	6.14	17.88
65.61	45.75	9.46	17.73
29.43	52.94	8.84	19.65
32.75	35.04	9.39	16.86
52.41	47.77	9.84	18.96
49.38	57.62	9.63	20.49
41.3	51.48	10.67	16.55
30.54	45.78	9.81	15.32
22.72	47.91	9.97	16.28
19.58	37.82	9.56	15.78
23.46	38.48	8.84	17.51
28.05	46.14	9.97	19.08
190.54	41.23	10.17	17.95
25.99	37.42	9.72	16.64
29.04	38.85	9.66	15.8
45.12	44.21	9.44	17.72
40.55	42.96	10.26	16.22
40.48	40.77	9.35	17.18
31.72	40.83	9.66	16.56
42.83	47.38	9.68	16.73
26.34	36.57	7.79	17.09
41.18	48.8	6.98	15.46
32.69	50.13	5.77	17.07
33.48	67.47	6.76	15.29
39.52	55.43	6.96	15.54
26.27	44.38	6.53	16.04
20.98	47.4	6.11	16.72
31.14	50.26	9.45	14.48
25.26	37.9	8.25	17.44
22.13	49.03	6.72	17.34
31.05	47.15	7.28	17.68
35.11	43.03	6.53	16.25
20.64	39.88	6.5	15.41
25.41	40.49	6.5	14.8
26.62	38.34	6.43	15.43
50.81	39.38	10.52	15.9
31.22	43.08	8.47	14.23
28.65	45.89	8.01	14.2
38.4	47.25	7.17	16.23
50.37	49.33	9.92	16.73
57.78	60.06	7.37	17.25
98.78	43.71	10.03	16.68
114.43	49.87	6.33	16.32
31.55	47.97	5.76	15.43
21.91	47.72	9.16	14.64
23.75	46.25	7.6	14.55
22.66	43.38	10.62	13.57
28.3	52.5	7.31	14.82
30.08	52.73	11.79	16.4
32.73	50.58	8.82	16.56
22.49	49.5	7.16	14.96
29.94	48.53	7.88	11.31
28.82	53.79	8.06	12.85
20.79	44.35	7.18	14.37
20.71	49.69	7.1	13.01
30.84	55.66	9	14.45
43.38	48.96	5.9	12.27
32.81	50.83	7.31	16.48
27.88	52.78	7.07	20.03
39.58	48.89	6.72	14.63
35.48	46.15	7	12.1
33.08	33.83	7.81	13.55
37.88	42.57	7.24	13.47
24.91	41.38	8.55	14.51
27.6	43.13	7.61	13.95
32.17	44.88	8.35	13.5
30.32	44.38	9.35	16.93
35.19	42.4	9.54	16.69
36.76	48.46	10.15	13.7
41.31	53.29	10.93	13.87
35.75	57.58	9.36	15.85
21.15	42.44	8.87	13.75
24.37	46.14	8.24	14.06
28.76	42.74	9.24	14.41
28.44	39.39	8.96	14.34
26.38	43.87	7.06	15.58
25.45	48.57	8.91	16.75
38.27	44.52	8.56	15.69
37.06	47.74	10.31	16.69
31.47	46.32	9.41	21.8
37.57	44.84	8.9	18.74
25.54	45.83	8.11	20.68
25.56	36.25	9.08	17.63
17.8	35.33	10.9	16.34
24.29	44.65	11.62	17.09
31.69	53.7	11.91	17.96
24.4	44.94	11.6	16.54
21.92	42.36	9.69	17.22
25.57	40.96	9.71	16.51
32.32	50.98	8.38	20.93
45.21	45.63	10.37	24.85
61.52	49.6	15.84	17.83
73.72	46.95	12.92	20.88
35.4	39.82	12.26	11.88
34.73	29.17	11.5	11.2
37.55	29.86	18.8	10.58
35.63	28.95	12.86	13.19
25.35	28.45	10.67	10.79
22.3	22.48	10.02	12.7
28	24.43	10.86	13.66
34.17	27.51	12.44	15.29
32.9	30.44	12	13.99
53.7	40.64	16.37	21.64
74.78	50.49	13.68	28.34
57.13	52.83	14.17	23.18
53.88	49.65	12.7	21.81
33.63	37.85	12.58	18.28
40.23	43.25	12.56	20.93
27.85	39.97	12.31	16.56
41.93	38.29	14.06	17.41
47.85	48.91	15.48	22.3
54.2	53.99	15.39	19.85
25.95	36.62	10.09	13.38
21.2	33.32	10.04	14.46
25.2	35.54	15.39	14.41
21.73	30.34	14.31	15.31
19	29.7	11.03	13.63
38.15	37.31	15.98	17.72
44.1	39.72	18.52	16.19
48.13	34.53	15.38	17.83
80.6	35.09	15.05	21.1
76.83	48.86	18.59	22.71
63.58	50.83	18.2	20.75
76.58	49.24	17.4	24.63
48.1	33.23	16.24	20.34
41.7	42.15	12.81	19.26
39.53	33.64	10.92	16.76
43.15	31.27	7.78	16.78
37.75	35.07	9.93	16.31
48.85	35.01	10.1	13.81
49.2	42.74	11.7	15.83
49.65	44.01	12.48	18.78
35.98	33.62	10.33	17.32
31.35	27.43	12.98	16.06
37.8	28.23	10.92	13.54
32.88	34.86	11.08	10.47
30.68	27.07	9.95	11.03
27.85	23.1	12.35	11.38
32.95	27.42	12.55	11.92
22.08	30.36	12.02	10.5
32.73	35.57	14.79	12.7
28.98	30.92	14.07	13.15
42.05	34.51	15.36	13.18
58.78	45.75	14.98	22.3
63.48	51.06	15.23	25.33
57.1	42.83	15.44	27.76
34.05	38.46	13.78	19.68
36.8	40.8	13.79	18.8
35.15	34.6	12.44	18.1
49.28	39.76	16.46	18.62
66.23	38.92	15.99	24
51.9	29.95	12.58	17.11
41.4	20.78	16.75	16.29
26.83	26.44	15.29	11.27
22.47	26.38	16.08	8.19
17.87	27.9	16.79	9.55
21.73	27.23	18.79	8.49
22.07	27.29	14.36	11.04
53.3	34.32	15.87	12.51
72.27	32.79	19.79	14.8
35.07	25.75	15.19	12.5
30.7	33.26	14.51	14.18
59.2	37.4	27.18	20.77
89.33	47.61	23.2	25.04
78.7	55.61	21.38	27.87
177.1	85.79	23.24	36.75
190.23	89.32	25.1	34.97
142.83	58.59	21.36	23.35
88.77	42.78	19.86	23.85
63.73	52.96	19.28	26.09
114.83	82.11	25.87	29.71
75.4	61.62	20.27	24.95
67.47	39.94	19.6	19.67
62.93	71.05	25.36	19.86
114.03	86.51	30.76	29.9
178.07	106.03	33.76	43.22
98	82.28	27.73	31.5
24.07	44.24	15.76	16.46
24.03	42.27	18.57	14.21
47.97	31.57	15.66	14.01
